IMAGE,MASK

images/s1/00001_234.jpg,images/s1/234.jpg
images/s2/00003_239.jpg,images/s2/239.jpg
images/s3/00006_229.jpg,images/s3/229.jpg
images/s4/00008_299.jpg,images/s4/299.jpg
images/s5/00020_299.jpg,images/s5/299.jpg

images/sn/0.jpg,images/sn/sn_m.jpg
images/sn/1.jpg,images/sn/sn_m.jpg
images/sn/00009_forest_218.jpg,images/sn/sn_m.jpg
images/sn/00014_forest_000.jpg,images/sn/sn_m.jpg
images/sn/00014_forest_150.jpg,images/sn/sn_m.jpg
images/sn/00014_forest_299.jpg,images/sn/sn_m.jpg

images/sn2/bad_000.jpg,images/sn/sn_m.jpg
images/sn2/bad_001.jpg,images/sn/sn_m.jpg
images/sn2/bad_002.jpg,images/sn/sn_m.jpg
images/sn2/bad_003.jpg,images/sn/sn_m.jpg
images/sn2/bad_004.jpg,images/sn/sn_m.jpg
images/sn2/bad_005.jpg,images/sn/sn_m.jpg
images/sn2/bad_006.jpg,images/sn/sn_m.jpg
images/sn2/bad_007.jpg,images/sn/sn_m.jpg
images/sn2/bad_008.jpg,images/sn/sn_m.jpg
images/sn2/bad_009.jpg,images/sn/sn_m.jpg
images/sn2/bad_010.jpg,images/sn/sn_m.jpg
images/sn2/bad_011.jpg,images/sn/sn_m.jpg
images/sn2/bad_012.jpg,images/sn/sn_m.jpg
images/sn2/bad_013.jpg,images/sn/sn_m.jpg
images/sn2/bad_014.jpg,images/sn/sn_m.jpg
images/sn2/bad_015.jpg,images/sn/sn_m.jpg
images/sn2/bad_016.jpg,images/sn/sn_m.jpg
images/sn2/bad_017.jpg,images/sn/sn_m.jpg
images/sn2/bad_018.jpg,images/sn/sn_m.jpg
images/sn2/bad_019.jpg,images/sn/sn_m.jpg
images/sn2/bad_020.jpg,images/sn/sn_m.jpg
images/sn2/bad_021.jpg,images/sn/sn_m.jpg
images/sn2/bad_022.jpg,images/sn/sn_m.jpg
images/sn2/bad_023.jpg,images/sn/sn_m.jpg
images/sn2/bad_024.jpg,images/sn/sn_m.jpg
images/sn2/bad_025.jpg,images/sn/sn_m.jpg
images/sn2/bad_026.jpg,images/sn/sn_m.jpg
images/sn2/bad_027.jpg,images/sn/sn_m.jpg
images/sn2/bad_028.jpg,images/sn/sn_m.jpg
images/sn2/bad_029.jpg,images/sn/sn_m.jpg

images/sn2/bad_040.jpg,images/sn/sn_m.jpg
images/sn2/bad_041.jpg,images/sn/sn_m.jpg
images/sn2/bad_042.jpg,images/sn/sn_m.jpg
images/sn2/bad_043.jpg,images/sn/sn_m.jpg
images/sn2/bad_044.jpg,images/sn/sn_m.jpg
images/sn2/bad_045.jpg,images/sn/sn_m.jpg
images/sn2/bad_046.jpg,images/sn/sn_m.jpg
images/sn2/bad_047.jpg,images/sn/sn_m.jpg
images/sn2/bad_048.jpg,images/sn/sn_m.jpg
images/sn2/bad_049.jpg,images/sn/sn_m.jpg
images/sn2/bad_050.jpg,images/sn/sn_m.jpg
images/sn2/bad_051.jpg,images/sn/sn_m.jpg
images/sn2/bad_052.jpg,images/sn/sn_m.jpg
images/sn2/bad_053.jpg,images/sn/sn_m.jpg
images/sn2/bad_054.jpg,images/sn/sn_m.jpg
images/sn2/bad_055.jpg,images/sn/sn_m.jpg
images/sn2/bad_056.jpg,images/sn/sn_m.jpg
images/sn2/bad_057.jpg,images/sn/sn_m.jpg
images/sn2/bad_058.jpg,images/sn/sn_m.jpg
images/sn2/bad_059.jpg,images/sn/sn_m.jpg
images/sn2/bad_060.jpg,images/sn/sn_m.jpg
images/sn2/bad_061.jpg,images/sn/sn_m.jpg
images/sn2/bad_062.jpg,images/sn/sn_m.jpg
images/sn2/bad_063.jpg,images/sn/sn_m.jpg
images/sn2/bad_064.jpg,images/sn/sn_m.jpg
images/sn2/bad_065.jpg,images/sn/sn_m.jpg
images/sn2/bad_066.jpg,images/sn/sn_m.jpg
images/sn2/bad_067.jpg,images/sn/sn_m.jpg
images/sn2/bad_068.jpg,images/sn/sn_m.jpg
images/sn2/bad_069.jpg,images/sn/sn_m.jpg

images/sn2/bad_080.jpg,images/sn/sn_m.jpg
images/sn2/bad_081.jpg,images/sn/sn_m.jpg
images/sn2/bad_082.jpg,images/sn/sn_m.jpg
images/sn2/bad_083.jpg,images/sn/sn_m.jpg
images/sn2/bad_084.jpg,images/sn/sn_m.jpg
images/sn2/bad_085.jpg,images/sn/sn_m.jpg
images/sn2/bad_086.jpg,images/sn/sn_m.jpg
images/sn2/bad_087.jpg,images/sn/sn_m.jpg
images/sn2/bad_088.jpg,images/sn/sn_m.jpg
images/sn2/bad_089.jpg,images/sn/sn_m.jpg
images/sn2/bad_090.jpg,images/sn/sn_m.jpg
images/sn2/bad_091.jpg,images/sn/sn_m.jpg
images/sn2/bad_092.jpg,images/sn/sn_m.jpg
images/sn2/bad_093.jpg,images/sn/sn_m.jpg
images/sn2/bad_094.jpg,images/sn/sn_m.jpg
images/sn2/bad_095.jpg,images/sn/sn_m.jpg
images/sn2/bad_096.jpg,images/sn/sn_m.jpg
images/sn2/bad_097.jpg,images/sn/sn_m.jpg
images/sn2/bad_098.jpg,images/sn/sn_m.jpg
images/sn2/bad_099.jpg,images/sn/sn_m.jpg
images/sn2/bad_100.jpg,images/sn/sn_m.jpg
images/sn2/bad_101.jpg,images/sn/sn_m.jpg
images/sn2/bad_102.jpg,images/sn/sn_m.jpg
images/sn2/bad_103.jpg,images/sn/sn_m.jpg
images/sn2/bad_104.jpg,images/sn/sn_m.jpg
images/sn2/bad_105.jpg,images/sn/sn_m.jpg
images/sn2/bad_106.jpg,images/sn/sn_m.jpg
images/sn2/bad_107.jpg,images/sn/sn_m.jpg
images/sn2/bad_108.jpg,images/sn/sn_m.jpg
images/sn2/bad_109.jpg,images/sn/sn_m.jpg
images/sn2/bad_120.jpg,images/sn/sn_m.jpg
images/sn2/bad_121.jpg,images/sn/sn_m.jpg
images/sn2/bad_122.jpg,images/sn/sn_m.jpg
images/sn2/bad_123.jpg,images/sn/sn_m.jpg
images/sn2/bad_124.jpg,images/sn/sn_m.jpg
images/sn2/bad_125.jpg,images/sn/sn_m.jpg
images/sn2/bad_126.jpg,images/sn/sn_m.jpg
images/sn2/bad_127.jpg,images/sn/sn_m.jpg
images/sn2/bad_128.jpg,images/sn/sn_m.jpg
images/sn2/bad_129.jpg,images/sn/sn_m.jpg
images/sn2/bad_130.jpg,images/sn/sn_m.jpg
images/sn2/bad_131.jpg,images/sn/sn_m.jpg
images/sn2/bad_132.jpg,images/sn/sn_m.jpg
images/sn2/bad_133.jpg,images/sn/sn_m.jpg
images/sn2/bad_134.jpg,images/sn/sn_m.jpg
images/sn2/bad_135.jpg,images/sn/sn_m.jpg
images/sn2/bad_136.jpg,images/sn/sn_m.jpg
images/sn2/bad_137.jpg,images/sn/sn_m.jpg
images/sn2/bad_138.jpg,images/sn/sn_m.jpg
images/sn2/bad_139.jpg,images/sn/sn_m.jpg
images/sn2/bad_140.jpg,images/sn/sn_m.jpg
images/sn2/bad_141.jpg,images/sn/sn_m.jpg
images/sn2/bad_142.jpg,images/sn/sn_m.jpg
images/sn2/bad_143.jpg,images/sn/sn_m.jpg
images/sn2/bad_144.jpg,images/sn/sn_m.jpg
images/sn2/bad_145.jpg,images/sn/sn_m.jpg
images/sn2/bad_146.jpg,images/sn/sn_m.jpg
images/sn2/bad_147.jpg,images/sn/sn_m.jpg
images/sn2/bad_148.jpg,images/sn/sn_m.jpg
images/sn2/bad_149.jpg,images/sn/sn_m.jpg

images/sn2/bad_160.jpg,images/sn/sn_m.jpg
images/sn2/bad_161.jpg,images/sn/sn_m.jpg
images/sn2/bad_162.jpg,images/sn/sn_m.jpg
images/sn2/bad_163.jpg,images/sn/sn_m.jpg
images/sn2/bad_164.jpg,images/sn/sn_m.jpg
images/sn2/bad_165.jpg,images/sn/sn_m.jpg
images/sn2/bad_166.jpg,images/sn/sn_m.jpg
images/sn2/bad_167.jpg,images/sn/sn_m.jpg
images/sn2/bad_168.jpg,images/sn/sn_m.jpg
images/sn2/bad_169.jpg,images/sn/sn_m.jpg
images/sn2/bad_170.jpg,images/sn/sn_m.jpg
images/sn2/bad_171.jpg,images/sn/sn_m.jpg
images/sn2/bad_172.jpg,images/sn/sn_m.jpg
images/sn2/bad_173.jpg,images/sn/sn_m.jpg
images/sn2/bad_174.jpg,images/sn/sn_m.jpg
images/sn2/bad_175.jpg,images/sn/sn_m.jpg
images/sn2/bad_176.jpg,images/sn/sn_m.jpg
images/sn2/bad_177.jpg,images/sn/sn_m.jpg
images/sn2/bad_178.jpg,images/sn/sn_m.jpg
images/sn2/bad_179.jpg,images/sn/sn_m.jpg
images/sn2/bad_180.jpg,images/sn/sn_m.jpg
images/sn2/bad_181.jpg,images/sn/sn_m.jpg
images/sn2/bad_182.jpg,images/sn/sn_m.jpg
images/sn2/bad_183.jpg,images/sn/sn_m.jpg
images/sn2/bad_184.jpg,images/sn/sn_m.jpg
images/sn2/bad_185.jpg,images/sn/sn_m.jpg
images/sn2/bad_186.jpg,images/sn/sn_m.jpg
images/sn2/bad_187.jpg,images/sn/sn_m.jpg
images/sn2/bad_188.jpg,images/sn/sn_m.jpg
images/sn2/bad_189.jpg,images/sn/sn_m.jpg

images/sn2/bad_201.jpg,images/sn/sn_m.jpg
images/sn2/bad_202.jpg,images/sn/sn_m.jpg
images/sn2/bad_203.jpg,images/sn/sn_m.jpg
images/sn2/bad_204.jpg,images/sn/sn_m.jpg
images/sn2/bad_205.jpg,images/sn/sn_m.jpg
images/sn2/bad_206.jpg,images/sn/sn_m.jpg
images/sn2/bad_207.jpg,images/sn/sn_m.jpg
images/sn2/bad_208.jpg,images/sn/sn_m.jpg
images/sn2/bad_209.jpg,images/sn/sn_m.jpg
images/sn2/bad_210.jpg,images/sn/sn_m.jpg
images/sn2/bad_211.jpg,images/sn/sn_m.jpg
images/sn2/bad_212.jpg,images/sn/sn_m.jpg
images/sn2/bad_213.jpg,images/sn/sn_m.jpg
images/sn2/bad_214.jpg,images/sn/sn_m.jpg
images/sn2/bad_215.jpg,images/sn/sn_m.jpg
images/sn2/bad_216.jpg,images/sn/sn_m.jpg
images/sn2/bad_217.jpg,images/sn/sn_m.jpg
images/sn2/bad_218.jpg,images/sn/sn_m.jpg
images/sn2/bad_219.jpg,images/sn/sn_m.jpg
images/sn2/bad_220.jpg,images/sn/sn_m.jpg
images/sn2/bad_221.jpg,images/sn/sn_m.jpg
images/sn2/bad_222.jpg,images/sn/sn_m.jpg
images/sn2/bad_223.jpg,images/sn/sn_m.jpg
images/sn2/bad_224.jpg,images/sn/sn_m.jpg
images/sn2/bad_225.jpg,images/sn/sn_m.jpg
images/sn2/bad_226.jpg,images/sn/sn_m.jpg
images/sn2/bad_227.jpg,images/sn/sn_m.jpg
images/sn2/bad_228.jpg,images/sn/sn_m.jpg
images/sn2/bad_229.jpg,images/sn/sn_m.jpg
images/sn2/bad_230.jpg,images/sn/sn_m.jpg
images/sn2/bad_231.jpg,images/sn/sn_m.jpg
images/sn2/bad_232.jpg,images/sn/sn_m.jpg
images/sn2/bad_233.jpg,images/sn/sn_m.jpg
images/sn2/bad_234.jpg,images/sn/sn_m.jpg
images/sn2/bad_235.jpg,images/sn/sn_m.jpg
images/sn2/bad_236.jpg,images/sn/sn_m.jpg
images/sn2/bad_237.jpg,images/sn/sn_m.jpg
images/sn2/bad_238.jpg,images/sn/sn_m.jpg
images/sn2/bad_239.jpg,images/sn/sn_m.jpg
images/sn2/bad_240.jpg,images/sn/sn_m.jpg
images/sn2/bad_241.jpg,images/sn/sn_m.jpg
images/sn2/bad_242.jpg,images/sn/sn_m.jpg
images/sn2/bad_243.jpg,images/sn/sn_m.jpg
images/sn2/bad_244.jpg,images/sn/sn_m.jpg
images/sn2/bad_245.jpg,images/sn/sn_m.jpg
images/sn2/bad_246.jpg,images/sn/sn_m.jpg
images/sn2/bad_247.jpg,images/sn/sn_m.jpg
images/sn2/bad_248.jpg,images/sn/sn_m.jpg
images/sn2/bad_249.jpg,images/sn/sn_m.jpg
images/sn2/bad_250.jpg,images/sn/sn_m.jpg
images/sn2/bad_251.jpg,images/sn/sn_m.jpg
images/sn2/bad_252.jpg,images/sn/sn_m.jpg
images/sn2/bad_253.jpg,images/sn/sn_m.jpg
images/sn2/bad_254.jpg,images/sn/sn_m.jpg
images/sn2/bad_255.jpg,images/sn/sn_m.jpg
images/sn2/bad_256.jpg,images/sn/sn_m.jpg
images/sn2/bad_257.jpg,images/sn/sn_m.jpg
images/sn2/bad_258.jpg,images/sn/sn_m.jpg
images/sn2/bad_259.jpg,images/sn/sn_m.jpg

images/sn2/bad_270.jpg,images/sn/sn_m.jpg
images/sn2/bad_271.jpg,images/sn/sn_m.jpg
images/sn2/bad_272.jpg,images/sn/sn_m.jpg
images/sn2/bad_273.jpg,images/sn/sn_m.jpg
images/sn2/bad_274.jpg,images/sn/sn_m.jpg
images/sn2/bad_275.jpg,images/sn/sn_m.jpg
images/sn2/bad_276.jpg,images/sn/sn_m.jpg
images/sn2/bad_277.jpg,images/sn/sn_m.jpg
images/sn2/bad_278.jpg,images/sn/sn_m.jpg
images/sn2/bad_279.jpg,images/sn/sn_m.jpg
images/sn2/bad_280.jpg,images/sn/sn_m.jpg
images/sn2/bad_281.jpg,images/sn/sn_m.jpg
images/sn2/bad_282.jpg,images/sn/sn_m.jpg
images/sn2/bad_283.jpg,images/sn/sn_m.jpg
images/sn2/bad_284.jpg,images/sn/sn_m.jpg
images/sn2/bad_285.jpg,images/sn/sn_m.jpg
images/sn2/bad_286.jpg,images/sn/sn_m.jpg
images/sn2/bad_287.jpg,images/sn/sn_m.jpg
images/sn2/bad_288.jpg,images/sn/sn_m.jpg
images/sn2/bad_289.jpg,images/sn/sn_m.jpg
images/sn2/bad_290.jpg,images/sn/sn_m.jpg
images/sn2/bad_291.jpg,images/sn/sn_m.jpg
images/sn2/bad_292.jpg,images/sn/sn_m.jpg
images/sn2/bad_293.jpg,images/sn/sn_m.jpg
images/sn2/bad_294.jpg,images/sn/sn_m.jpg
images/sn2/bad_295.jpg,images/sn/sn_m.jpg
images/sn2/bad_296.jpg,images/sn/sn_m.jpg
images/sn2/bad_297.jpg,images/sn/sn_m.jpg
images/sn2/bad_298.jpg,images/sn/sn_m.jpg
images/sn2/bad_299.jpg,images/sn/sn_m.jpg

images/vul/VIDEO_092.jpg,images/vul/mv1.jpg
images/vul/VIDEO_092.jpg,images/vul/mv1.jpg
images/vul/VIDEO_093.jpg,images/vul/mv1.jpg
images/vul/VIDEO_094.jpg,images/vul/mv1.jpg
images/vul/VIDEO_095.jpg,images/vul/mv1.jpg
images/vul/VIDEO_096.jpg,images/vul/mv1.jpg
images/vul/VIDEO_097.jpg,images/vul/mv1.jpg
images/vul/VIDEO_098.jpg,images/vul/mv1.jpg
images/vul/VIDEO_099.jpg,images/vul/mv1.jpg
images/vul/VIDEO_100.jpg,images/vul/mv1.jpg
images/vul/VIDEO_101.jpg,images/vul/mv1.jpg
images/vul/VIDEO_102.jpg,images/vul/mv1.jpg
images/vul/VIDEO_103.jpg,images/vul/mv1.jpg
images/vul/VIDEO_104.jpg,images/vul/mv1.jpg
images/vul/VIDEO_105.jpg,images/vul/mv1.jpg
images/vul/VIDEO_106.jpg,images/vul/mv1.jpg
images/vul/VIDEO_107.jpg,images/vul/mv1.jpg

images/vul/VIDEO_127.jpg,images/vul/mv2.jpg
images/vul/VIDEO_128.jpg,images/vul/mv2.jpg
images/vul/VIDEO_129.jpg,images/vul/mv2.jpg
images/vul/VIDEO_130.jpg,images/vul/mv2.jpg
images/vul/VIDEO_131.jpg,images/vul/mv2.jpg
images/vul/VIDEO_132.jpg,images/vul/mv2.jpg
images/vul/VIDEO_133.jpg,images/vul/mv2.jpg
images/vul/VIDEO_134.jpg,images/vul/mv2.jpg
images/vul/VIDEO_135.jpg,images/vul/mv2.jpg
images/vul/VIDEO_136.jpg,images/vul/mv2.jpg
images/vul/VIDEO_137.jpg,images/vul/mv2.jpg
images/vul/VIDEO_138.jpg,images/vul/mv2.jpg
images/vul/VIDEO_139.jpg,images/vul/mv2.jpg
images/vul/VIDEO_140.jpg,images/vul/mv2.jpg
images/vul/VIDEO_141.jpg,images/vul/mv2.jpg
images/vul/VIDEO_142.jpg,images/vul/mv2.jpg

images/vul/VIDEO_200.jpg,images/vul/mv4.jpg
images/vul/VIDEO_201.jpg,images/vul/mv4.jpg
images/vul/VIDEO_202.jpg,images/vul/mv4.jpg
images/vul/VIDEO_203.jpg,images/vul/mv4.jpg
images/vul/VIDEO_204.jpg,images/vul/mv4.jpg
images/vul/VIDEO_205.jpg,images/vul/mv4.jpg
images/vul/VIDEO_206.jpg,images/vul/mv4.jpg
images/vul/VIDEO_207.jpg,images/vul/mv4.jpg
images/vul/VIDEO_208.jpg,images/vul/mv4.jpg
images/vul/VIDEO_209.jpg,images/vul/mv4.jpg
images/vul/VIDEO_210.jpg,images/vul/mv4.jpg
images/vul/VIDEO_211.jpg,images/vul/mv4.jpg
images/vul/VIDEO_212.jpg,images/vul/mv4.jpg
images/vul/VIDEO_213.jpg,images/vul/mv4.jpg
images/vul/VIDEO_214.jpg,images/vul/mv4.jpg
images/vul/VIDEO_215.jpg,images/vul/mv4.jpg

images/vul/VIDEO_249.jpg,images/vul/mv5.jpg
images/vul/VIDEO_250.jpg,images/vul/mv5.jpg
images/vul/VIDEO_251.jpg,images/vul/mv5.jpg
images/vul/VIDEO_252.jpg,images/vul/mv5.jpg
images/vul/VIDEO_253.jpg,images/vul/mv5.jpg
images/vul/VIDEO_254.jpg,images/vul/mv5.jpg
images/vul/VIDEO_255.jpg,images/vul/mv5.jpg
images/vul/VIDEO_256.jpg,images/vul/mv5.jpg
images/vul/VIDEO_257.jpg,images/vul/mv5.jpg
images/vul/VIDEO_258.jpg,images/vul/mv5.jpg
images/vul/VIDEO_259.jpg,images/vul/mv5.jpg
images/vul/VIDEO_260.jpg,images/vul/mv5.jpg
images/vul/VIDEO_261.jpg,images/vul/mv5.jpg
images/vul/VIDEO_262.jpg,images/vul/mv5.jpg
images/vul/VIDEO_263.jpg,images/vul/mv5.jpg
images/vul/VIDEO_264.jpg,images/vul/mv5.jpg

images/sn2/VIDEO_024.jpg,images/sn/sn_m.jpg
images/sn2/VIDEO_025.jpg,images/sn/sn_m.jpg
images/sn2/VIDEO_026.jpg,images/sn/sn_m.jpg
images/sn2/VIDEO_027.jpg,images/sn/sn_m.jpg
images/sn2/VIDEO_028.jpg,images/sn/sn_m.jpg
images/sn2/VIDEO_029.jpg,images/sn/sn_m.jpg
images/sn2/VIDEO_030.jpg,images/sn/sn_m.jpg
images/sn2/VIDEO_031.jpg,images/sn/sn_m.jpg
images/sn2/VIDEO_032.jpg,images/sn/sn_m.jpg
images/sn2/VIDEO_033.jpg,images/sn/sn_m.jpg
images/sn2/VIDEO_034.jpg,images/sn/sn_m.jpg
images/sn2/VIDEO_035.jpg,images/sn/sn_m.jpg
images/sn2/VIDEO_036.jpg,images/sn/sn_m.jpg
images/sn2/VIDEO_037.jpg,images/sn/sn_m.jpg
images/sn2/VIDEO_038.jpg,images/sn/sn_m.jpg
images/sn2/VIDEO_039.jpg,images/sn/sn_m.jpg
images/sn2/VIDEO_040.jpg,images/sn/sn_m.jpg
images/sn2/VIDEO_041.jpg,images/sn/sn_m.jpg
images/sn2/VIDEO_042.jpg,images/sn/sn_m.jpg
images/sn2/VIDEO_043.jpg,images/sn/sn_m.jpg
images/sn2/VIDEO_044.jpg,images/sn/sn_m.jpg
images/sn2/VIDEO_045.jpg,images/sn/sn_m.jpg
images/sn2/VIDEO_046.jpg,images/sn/sn_m.jpg
images/sn2/VIDEO_047.jpg,images/sn/sn_m.jpg
images/sn2/VIDEO_048.jpg,images/sn/sn_m.jpg
images/sn2/VIDEO_049.jpg,images/sn/sn_m.jpg
images/sn2/VIDEO_050.jpg,images/sn/sn_m.jpg
images/sn2/VIDEO_051.jpg,images/sn/sn_m.jpg
images/sn2/VIDEO_052.jpg,images/sn/sn_m.jpg
images/sn2/VIDEO_053.jpg,images/sn/sn_m.jpg
images/sn2/VIDEO_054.jpg,images/sn/sn_m.jpg
images/sn2/VIDEO_055.jpg,images/sn/sn_m.jpg
images/sn2/VIDEO_056.jpg,images/sn/sn_m.jpg
images/sn2/VIDEO_057.jpg,images/sn/sn_m.jpg
images/sn2/VIDEO_058.jpg,images/sn/sn_m.jpg
images/sn2/VIDEO_059.jpg,images/sn/sn_m.jpg
images/sn2/VIDEO_060.jpg,images/sn/sn_m.jpg
images/sn2/VIDEO_061.jpg,images/sn/sn_m.jpg
images/sn2/VIDEO_062.jpg,images/sn/sn_m.jpg
images/sn2/VIDEO_063.jpg,images/sn/sn_m.jpg
images/sn2/VIDEO_064.jpg,images/sn/sn_m.jpg
images/sn2/VIDEO_065.jpg,images/sn/sn_m.jpg
images/sn2/VIDEO_066.jpg,images/sn/sn_m.jpg
images/sn2/VIDEO_067.jpg,images/sn/sn_m.jpg
images/sn2/VIDEO_068.jpg,images/sn/sn_m.jpg
images/sn2/VIDEO_069.jpg,images/sn/sn_m.jpg
images/sn2/VIDEO_070.jpg,images/sn/sn_m.jpg
images/sn2/VIDEO_071.jpg,images/sn/sn_m.jpg
images/sn2/VIDEO_072.jpg,images/sn/sn_m.jpg
images/sn2/VIDEO_073.jpg,images/sn/sn_m.jpg
images/sn2/VIDEO_074.jpg,images/sn/sn_m.jpg
images/sn2/VIDEO_075.jpg,images/sn/sn_m.jpg
images/sn2/VIDEO_076.jpg,images/sn/sn_m.jpg
images/sn2/VIDEO_077.jpg,images/sn/sn_m.jpg
images/sn2/VIDEO_078.jpg,images/sn/sn_m.jpg
images/sn2/VIDEO_079.jpg,images/sn/sn_m.jpg
images/sn2/VIDEO_080.jpg,images/sn/sn_m.jpg
images/sn2/VIDEO_081.jpg,images/sn/sn_m.jpg
images/sn2/VIDEO_082.jpg,images/sn/sn_m.jpg
images/sn2/VIDEO_083.jpg,images/sn/sn_m.jpg
images/sn2/VIDEO_084.jpg,images/sn/sn_m.jpg
images/sn2/VIDEO_085.jpg,images/sn/sn_m.jpg

images/clear/1_080.jpg,images/clear/msk.jpg
images/clear/1_000.jpg,images/clear/msk.jpg
images/clear/1_001.jpg,images/clear/msk.jpg
images/clear/1_002.jpg,images/clear/msk.jpg
images/clear/1_003.jpg,images/clear/msk.jpg
images/clear/1_004.jpg,images/clear/msk.jpg
images/clear/1_005.jpg,images/clear/msk.jpg
images/clear/1_006.jpg,images/clear/msk.jpg
images/clear/1_007.jpg,images/clear/msk.jpg
images/clear/1_008.jpg,images/clear/msk.jpg
images/clear/1_009.jpg,images/clear/msk.jpg
images/clear/1_010.jpg,images/clear/msk.jpg
images/clear/1_011.jpg,images/clear/msk.jpg
images/clear/1_012.jpg,images/clear/msk.jpg
images/clear/1_013.jpg,images/clear/msk.jpg
images/clear/1_014.jpg,images/clear/msk.jpg
images/clear/1_015.jpg,images/clear/msk.jpg
images/clear/1_016.jpg,images/clear/msk.jpg
images/clear/1_017.jpg,images/clear/msk.jpg
images/clear/1_018.jpg,images/clear/msk.jpg
images/clear/1_019.jpg,images/clear/msk.jpg
images/clear/1_020.jpg,images/clear/msk.jpg
images/clear/1_021.jpg,images/clear/msk.jpg
images/clear/1_022.jpg,images/clear/msk.jpg
images/clear/1_023.jpg,images/clear/msk.jpg
images/clear/1_024.jpg,images/clear/msk.jpg
images/clear/1_025.jpg,images/clear/msk.jpg
images/clear/1_026.jpg,images/clear/msk.jpg
images/clear/1_027.jpg,images/clear/msk.jpg
images/clear/1_028.jpg,images/clear/msk.jpg
images/clear/1_029.jpg,images/clear/msk.jpg
images/clear/1_030.jpg,images/clear/msk.jpg
images/clear/1_031.jpg,images/clear/msk.jpg
images/clear/1_032.jpg,images/clear/msk.jpg
images/clear/1_033.jpg,images/clear/msk.jpg
images/clear/1_034.jpg,images/clear/msk.jpg
images/clear/1_035.jpg,images/clear/msk.jpg
images/clear/1_036.jpg,images/clear/msk.jpg
images/clear/1_037.jpg,images/clear/msk.jpg
images/clear/1_038.jpg,images/clear/msk.jpg
images/clear/1_039.jpg,images/clear/msk.jpg
images/clear/1_040.jpg,images/clear/msk.jpg
images/clear/1_041.jpg,images/clear/msk.jpg
images/clear/1_042.jpg,images/clear/msk.jpg
images/clear/1_043.jpg,images/clear/msk.jpg
images/clear/1_044.jpg,images/clear/msk.jpg
images/clear/1_045.jpg,images/clear/msk.jpg
images/clear/1_046.jpg,images/clear/msk.jpg
images/clear/1_047.jpg,images/clear/msk.jpg
images/clear/1_048.jpg,images/clear/msk.jpg
images/clear/1_049.jpg,images/clear/msk.jpg
images/clear/1_050.jpg,images/clear/msk.jpg
images/clear/1_051.jpg,images/clear/msk.jpg
images/clear/1_052.jpg,images/clear/msk.jpg
images/clear/1_053.jpg,images/clear/msk.jpg
images/clear/1_054.jpg,images/clear/msk.jpg
images/clear/1_055.jpg,images/clear/msk.jpg
images/clear/1_056.jpg,images/clear/msk.jpg
images/clear/1_057.jpg,images/clear/msk.jpg
images/clear/1_058.jpg,images/clear/msk.jpg
images/clear/1_059.jpg,images/clear/msk.jpg
